{
    "$schema": "https://schema.management.azure.com/schemas/2015-01-01/deploymentTemplate.json#",
    "contentVersion": "1.0.0.0",
    "parameters": {        
        "workspaceName": {
            "type": "string"
        },
        "clusterName": {
            "type": "string"
        },        
        "minNodeCount": {
            "type": "int"
        },        
        "maxNodeCount": {
            "type": "int"
        },
        "workspacelocation": {
            "type": "string"
        },
        "adminUserName": {
            "type": "string"
        },
        "adminUserPassword": {
            "type": "string"
        },
        "vmSize": {
            "type": "string"
        },
        "subnetId": {
            "type": "string"
        }
    },
    "variables": {},
    "resources": [        
        {
            "type": "Microsoft.MachineLearningServices/workspaces/computes",
            "name": "[concat(parameters('workspaceName'), '/', parameters('clusterName'))]",
            "apiVersion": "2018-11-19",
            "location" : "[parameters('workspacelocation')]",
            "properties": {
                "computeType": "AmlCompute",
                "computeLocation" : "[parameters('workspacelocation')]",
                "properties":
                {
                    "vmSize" : "[parameters('vmSize')]",
                    "scaleSettings":
                    {
                        "minNodeCount" : "[parameters('minNodeCount')]",
                        "maxNodeCount" : "[parameters('maxNodeCount')]"
                    },
                    "userAccountCredentials" : 
                    {
                        "adminUserName" : "[parameters('adminUserName')]",
                        "adminUserPassword" : "[parameters('adminUserPassword')]"
                    },
                    "subnet" :
                    {
                        "id" : "[parameters('subnetId')]"
                    }
                }                
            }
        }
    ]
}