{
    "$schema": "https://schema.management.azure.com/schemas/2015-01-01/deploymentParameters.json#",
    "contentVersion": "1.0.0.0",
    "parameters": {
        "workspaceName": {
            "value": "myworkspace"
        },
        "clusterName": {
            "value": "mycluster"
        },
        "minNodeCount": {
            "value": 0
        },
        "maxNodeCount": {
            "value": 1
        },
        "adminUserName": {
            "value": "<Fill-here>"
        },
        "adminUserPassword": {
            "value": "<Fill-here>"
        },
        "workspacelocation": {
            "value": "<Fill-here>"
        },
        "vmSize": {
            "value": "workspacelocation"
        },
        "subnetId": {
            "value": "/subscriptions/xxxx/resourceGroups/yyyy/providers/Microsoft.Network/virtualNetworks/zzzz/subnets/ssss"
        }
    }
}