{
    "$schema": "https://schema.management.azure.com/schemas/2015-01-01/deploymentTemplate.json#",
    "contentVersion": "1.0.0.0",
    "parameters": {
        "workspaceName": {
            "type": "string",
            "metadata": {
                "description": "The name of the Azure Machine Learning service workspace."
            }
        },
        "location": {
            "type": "string",
            "allowedValues": [
                "eastus",
                "eastus2",
                "southcentralus",
                "southeastasia",
                "westcentralus",
                "westeurope",
                "westus2"
            ],
            "metadata": {
                "description": "The location where the workspace will be created."
            }
        }
    },
    "variables": {
        "storageAccount": {
            "name": "[concat('sa',uniqueString(resourceGroup().id))]",
            "type": "Standard_LRS"
        },
        "keyVault": {
            "name": "[concat('kv',uniqueString(resourceGroup().id))]",
            "tenantId": "[subscription().tenantId]"
        },
        "applicationInsightsName": "[concat('ai',uniqueString(resourceGroup().id))]",
        "containerRegistryName": "[concat('cr',uniqueString(resourceGroup().id))]"
    },
    "resources": [
        {
            "name": "[variables('storageAccount').name]",
            "type": "Microsoft.Storage/storageAccounts",
            "location": "[parameters('location')]",
            "apiVersion": "2018-07-01",
            "sku": {
                "name": "[variables('storageAccount').type]"
            },
            "kind": "StorageV2",
            "properties": {
                "encryption": {
                    "services": {
                        "blob": {
                            "enabled": true
                        },
                        "file": {
                            "enabled": true
                        }
                    },
                    "keySource": "Microsoft.Storage"
                },
                "supportHttpsTrafficOnly": true
            }
        },
        {
            "name": "[variables('keyVault').name]",
            "type": "Microsoft.KeyVault/vaults",
            "apiVersion": "2018-02-14",
            "location": "[parameters('location')]",
            "properties": {
                "tenantId": "[variables('keyVault').tenantId]",
                "sku": {
                    "name": "standard",
                    "family": "A"
                },
                "accessPolicies": []
            }
        },
        {
            "name": "[variables('applicationInsightsName')]",
            "type": "Microsoft.Insights/components",
            "apiVersion": "2015-05-01",
            "location": "[if(or(equals(parameters('location'),'eastus2'),equals(parameters('location'),'westcentralus')),'southcentralus',parameters('location'))]",
            "kind": "web",
            "properties": {
                "Application_Type": "web"
            }
        },
        {
            "name": "[variables('containerRegistryName')]",
            "type": "Microsoft.ContainerRegistry/registries",
            "apiVersion": "2017-10-01",
            "location": "[parameters('location')]",
            "sku": {
                "name": "Standard"
            },
            "properties": {
                "adminUserEnabled": true
            }
        },
        {
            "name": "[parameters('workspaceName')]",
            "type": "Microsoft.MachineLearningServices/workspaces",
            "apiVersion": "2018-11-19",
            "location": "[parameters('location')]",
            "dependsOn": [
                "[variables('storageAccount').name]",
                "[variables('keyVault').name]",
                "[variables('applicationInsightsName')]",
                "[variables('containerRegistryName')]"
            ],
            "identity": {
                "type": "systemAssigned"
            },
            "properties": {
                "friendlyName": "[parameters('workspaceName')]",
                "keyVault": "[resourceId('Microsoft.KeyVault/vaults',variables('keyVault').name)]",
                "applicationInsights": "[resourceId('Microsoft.Insights/components',variables('applicationInsightsName'))]",
                "containerRegistry": "[resourceId('Microsoft.ContainerRegistry/registries',variables('containerRegistryName'))]",
                "storageAccount": "[resourceId('Microsoft.Storage/storageAccounts/',variables('storageAccount').name)]"
            }
        }
    ]
}
