{"Age":{"899":49},"BusinessTravel":{"899":"Travel_Rarely"},"DailyRate":{"899":1098},"Department":{"899":"Research & Development"},"DistanceFromHome":{"899":4},"Education":{"899":2},"EducationField":{"899":"Medical"},"EnvironmentSatisfaction":{"899":1},"Gender":{"899":"Male"},"HourlyRate":{"899":85},"JobInvolvement":{"899":2},"JobLevel":{"899":5},"JobRole":{"899":"Manager"},"JobSatisfaction":{"899":3},"MaritalStatus":{"899":"Married"},"MonthlyIncome":{"899":18711},"MonthlyRate":{"899":12124},"NumCompaniesWorked":{"899":2},"OverTime":{"899":"No"},"PercentSalaryHike":{"899":13},"PerformanceRating":{"899":3},"RelationshipSatisfaction":{"899":3},"StockOptionLevel":{"899":1},"TotalWorkingYears":{"899":23},"TrainingTimesLastYear":{"899":2},"WorkLifeBalance":{"899":4},"YearsAtCompany":{"899":1},"YearsInCurrentRole":{"899":0},"YearsSinceLastPromotion":{"899":0},"YearsWithCurrManager":{"899":0}}
